Student Last Name: ,Student First Name: ,Period: ,Scenario: ,Correct: ,Total: ,Date: ,Planet mass: ,Planet Radius: ,Emissivity: ,Absorbed Power: ,Orbit Radius: ,Star Name: ,Mass of Star: ,Kepler's Constant K: ,Orbital Period Goal: ,Orbital Period Actual: ,Surface Gravity Goal: ,Surface Gravity Actual: ,Surface Temperature Goal: ,Surface Temperature Actual: ,Star Distance, Time to Reach Star, Maximum Velocity,
 h,a,17,5,4,6, Sun 03 Dec 2017 12:21:58,4,1,.7,.94,1,test,4,.25,1,.5,2,39.2,3,31.7,1,1,2.1E8
 h,a,17,5,6,6, Sun 03 Dec 2017 12:22:46,4,1,.7,.94,1,test,4,.25,1,.5,2,39.2,3,31.7,1,2,2.8E8
 h,a,17,5,6,6, Sun 03 Dec 2017 12:24:31,4,1,.7,.94,1,test,4,.25,1,.5,2,39.2,3,31.7,1,2,2.8E8
 h,a,17,5,6,6, Sun 03 Dec 2017 12:25:04,4,1,.7,.94,1,test,4,.25,1,.5,2,39.2,3,31.7,1,2,2.8E8
 h,a,17,5,6,6, Sun 03 Dec 2017 12:25:25,4,1,.7,.94,1,test,4,.25,1,.5,2,39.2,3,31.7,1,2,2.8E8
 h,a,17,5,6,6, Sun 03 Dec 2017 20:12:25,4,1,.7,.94,1,test,4,.25,1,.5,2,39.2,3,31.7,1,2,2.8E8
