Period,Last Name,First Name, % Score ,# Correct,DateTime,
2,hankla,allen,11.1%,2,2014-09-26 09:18:03,
2,hankla,allen,27.8%,5,2014-09-26 09:20:50,
2,hankla,allen,27.8%,5,2014-09-26 09:22:13,
2,hankla,allen,44.4%,8,2014-09-26 09:23:28,
2,hankla,allen,50%,9,2014-09-26 09:27:24,
2,hankla,allen,55.6%,10,2014-09-26 09:29:18,
2,hankla,allen,55.6%,10,2014-09-26 09:29:37,
2,hankla,allen,55.6%,10,2014-09-26 09:29:44,
2,hankla,allen,50%,9,2014-09-26 09:29:50,
2,hankla,allen,61.1%,11,2014-09-26 09:31:37,
